FName,LNameStart,LNameEnd
Smooth,Night,mare
Flying,Fire,snoot
Ambitious,Sky,breath
Lazy,Moon,knap
Mean,Sun,bones
Angry,Smoke,wing
Wishful,Slay,back
Whimsical,Hair,spine
Bashful,Snore,beet
Shy,Bone,wisp
Soulful,Wind,light
Melodic,Scale,skunk
Free,Death,wasp
Mournful,Bright,flyer
Appreciative,Snap,wig
Chatty,Star,flea
Misunderstood,Glitter,fry
Rising,Meep,flame
Loyal,Beep,puddle
Sparkly,Ash,fluff
Silky,Sneeze,floof
Mopey,Dusk,pearl
Shiny,Glass,tooth
Happy,Glow,hoof
Solemn,Crystal,claw
Hopeful,Bean,nose
Blissful,Honey,ray
Floating,Keep,monster
Speedy,Berry,mate
Jeweled,Terror,heart
Hoarding,Frost,chest
Ethical,Ice,skull
Impervious,Frozen,nail
Late,Crackle,cliff
Slow,Cackle,ball
Fierce,Heat,fiffle
Ancient,Cuddle,fossil
Loud,Pale,tail
Quiet,Shallow,muffin
Irritated,Shadow,nook
Fast,Shiver,bug
Burnt,Toot,fairy
Laughing,Stronk,poof
Sitting,Stone,feather
Skinny,Whistle,needle
Tough,Burp,lamp
Muscular,Doodle,whale
Frail,Wild,turner
Lovely,Time,mixer
Apathetic,Discord,scooper
Little,Chaos,swallow
Gigantic,Merry,gobbler
Helpful,Chill,devourer
Generous,Glacial,gulper
Spotted,Freeze,destroyer
Abnormal,Smolder,drinker
Persistent,Torch,weaver
Trustworthy,Blaze,infuser
Relentless,Shine,puff
Unreliable,Dark,hopper
Unfaithful,Mist,cryer
Devoted,Fog,scortcher
Dutiful,Gloom,flare
Hefty,Cloud,flurry
Colossal,Storm,head
Chubby,Snow,paw
Angelic,Drop,fang
Masterful,Dive,talon